{"cameraMode":{"drawMode":0,"name":"Shaded","section":"Shading Mode"},"sceneLighting":false,"audioPlay":false,"sceneViewState":{"showFog":false,"showMaterialUpdate":false,"showSkybox":false,"showFlares":false,"showImageEffects":false,"showParticleSystems":false},"in2DMode":false,"pivot":{"x":2.686051368713379,"y":-0.8455605506896973,"z":-0.3622398376464844},"rotation":{"x":-0.38466766476631167,"y":-0.04782943055033684,"z":0.020026272162795068,"w":-0.9216304421424866},"size":4.931385040283203,"orthographic":false}