{"cameraMode":{"drawMode":0,"name":"Shaded","section":"Shading Mode"},"sceneLighting":false,"audioPlay":false,"sceneViewState":{"showFog":false,"showMaterialUpdate":false,"showSkybox":false,"showFlares":false,"showImageEffects":false,"showParticleSystems":false},"in2DMode":false,"pivot":{"x":-0.20401489734649659,"y":0.4841514825820923,"z":-5.381353378295898},"rotation":{"x":-0.22901244461536408,"y":-0.5187944173812866,"z":0.14664342999458314,"w":-0.8105307221412659},"size":0.7313849329948425,"orthographic":false}